react_shopping_cart_2019020921_master_7db93d71,App,renderGithubCorner;renderFilter;renderShelf;renderFloatCart
react_shopping_cart_2019020921_master_7db93d71,Checkbox,handleCheckboxChangeProp;toggleCheckboxChange;labelProp
react_shopping_cart_2019020921_master_7db93d71,CartProduct,removeProductProp;handleMouseOver;handleMouseOut;productProp;renderThumb
react_shopping_cart_2019020921_master_7db93d71,FloatCart,loadCartProp;updateCartProp;removeProductProp;openFloatCart;closeFloatCart;addProduct;removeProduct;proceedToCheckout;cartProductsProp;newProductProp;productToRemoveProp;renderCartProduct
react_shopping_cart_2019020921_master_7db93d71,Selectbox,handleOnChangeProp;createOptions;onChange;optionsProp;classesProp
react_shopping_cart_2019020921_master_7db93d71,Filter,updateFiltersProp;toggleCheckbox;createCheckbox;createCheckboxes;filtersProp;renderCheckbox
react_shopping_cart_2019020921_master_7db93d71,Shelf,fetchProductsProp;handleFetchProducts;productsProp;filtersProp;sortProp;renderShelfHeader
react_shopping_cart_2019020921_master_7db93d71,ShelfHeader,productsLengthProp;renderSort
react_shopping_cart_2019020921_master_7db93d71,Sort,updateSortProp;handleSort;sortProp;renderSelectbox
react_shopping_cart_2019020921_master_7db93d71,Thumb,altProp;titleProp;classesProp;srcProp
react_shopping_cart_2019020921_master_7db93d71,Root,initialStateProp
react_shopping_cart_2018041219_AndyLIUMel_react_shopping_cart_1_documentation_db7143df,Checkbox,handleCheckboxChangeProp;toggleCheckboxChange;labelProp
react_shopping_cart_2018041219_AndyLIUMel_react_shopping_cart_1_documentation_db7143df,CartProduct,removeProductProp;handleMouseOver;handleMouseOut;productProp;renderThumb
react_shopping_cart_2018041219_AndyLIUMel_react_shopping_cart_1_documentation_db7143df,FloatCart,loadCartProp;updateCartProp;removeProductProp;openFloatCart;closeFloatCart;addProduct;removeProduct;proceedToCheckout;cartProductsProp;newProductProp;productToRemoveProp;renderCartProduct
react_shopping_cart_2018041219_AndyLIUMel_react_shopping_cart_1_documentation_db7143df,Selectbox,handleOnChangeProp;createOptions;onChange;optionsProp;classesProp
react_shopping_cart_2018041219_AndyLIUMel_react_shopping_cart_1_documentation_db7143df,Filter,updateFiltersProp;toggleCheckbox;createCheckbox;createCheckboxes;filtersProp;renderCheckbox
react_shopping_cart_2018041219_AndyLIUMel_react_shopping_cart_1_documentation_db7143df,Shelf,fetchProductsProp;addProductProp;handleFilter;handleSort;productsProp;filtersProp;sortProp;renderFilter;renderShelfHeader;renderClearfix
react_shopping_cart_2018041219_AndyLIUMel_react_shopping_cart_1_documentation_db7143df,ShelfHeader,productsLengthProp;renderSort;renderClearfix
react_shopping_cart_2018041219_AndyLIUMel_react_shopping_cart_1_documentation_db7143df,Sort,updateSortProp;handleSort;sortProp;renderSelectbox
react_shopping_cart_2018041219_AndyLIUMel_react_shopping_cart_1_documentation_db7143df,Thumb,altProp;titleProp;classesProp;srcProp
react_shopping_cart_2018041219_AndyLIUMel_react_shopping_cart_1_documentation_db7143df,App,renderBanner;renderMain;renderFooter;renderFloatCart
react_shopping_cart_2018041219_AndyLIUMel_react_shopping_cart_1_documentation_db7143df,Main,renderShelf
react_shopping_cart_2018120510_AndyLIUMel_react_shopping_cart_1_master_6407a9ab,Checkbox,handleCheckboxChangeProp;toggleCheckboxChange;labelProp
react_shopping_cart_2018120510_AndyLIUMel_react_shopping_cart_1_master_6407a9ab,CartProduct,removeProductProp;handleMouseOver;handleMouseOut;productProp;renderThumb
react_shopping_cart_2018120510_AndyLIUMel_react_shopping_cart_1_master_6407a9ab,FloatCart,loadCartProp;updateCartProp;removeProductProp;openFloatCart;closeFloatCart;addProduct;removeProduct;proceedToCheckout;cartProductsProp;newProductProp;productToRemoveProp;renderCartProduct
react_shopping_cart_2018120510_AndyLIUMel_react_shopping_cart_1_master_6407a9ab,Selectbox,handleOnChangeProp;createOptions;onChange;optionsProp;classesProp
react_shopping_cart_2018120510_AndyLIUMel_react_shopping_cart_1_master_6407a9ab,Filter,updateFiltersProp;toggleCheckbox;createCheckbox;createCheckboxes;filtersProp;renderCheckbox;renderStarButton
react_shopping_cart_2018120510_AndyLIUMel_react_shopping_cart_1_master_6407a9ab,Shelf,fetchProductsProp;addProductProp;handleFetchProducts;productsProp;filtersProp;sortProp;renderSpinner;renderFilter;renderShelfHeader;renderClearfix
react_shopping_cart_2018120510_AndyLIUMel_react_shopping_cart_1_master_6407a9ab,ShelfHeader,productsLengthProp;renderSort;renderClearfix
react_shopping_cart_2018120510_AndyLIUMel_react_shopping_cart_1_master_6407a9ab,Sort,updateSortProp;handleSort;sortProp;renderSelectbox
react_shopping_cart_2018120510_AndyLIUMel_react_shopping_cart_1_master_6407a9ab,Thumb,altProp;titleProp;classesProp;srcProp
react_shopping_cart_2018120510_AndyLIUMel_react_shopping_cart_1_master_6407a9ab,App,renderCorner;renderShelf;renderFooter;renderFloatCart
react_shopping_cart_2019010922_bhensey_react_shopping_cart_master_00bf8523,App,renderGithubCorner;renderShelf;renderFloatCart
react_shopping_cart_2019010922_bhensey_react_shopping_cart_master_00bf8523,Checkbox,handleCheckboxChangeProp;toggleCheckboxChange;labelProp
react_shopping_cart_2019010922_bhensey_react_shopping_cart_master_00bf8523,CartProduct,removeProductProp;handleMouseOver;handleMouseOut;productProp;renderThumb
react_shopping_cart_2019010922_bhensey_react_shopping_cart_master_00bf8523,FloatCart,loadCartProp;updateCartProp;removeProductProp;openFloatCart;closeFloatCart;addProduct;removeProduct;proceedToCheckout;cartProductsProp;newProductProp;productToRemoveProp;renderCartProduct
react_shopping_cart_2019010922_bhensey_react_shopping_cart_master_00bf8523,Selectbox,handleOnChangeProp;createOptions;onChange;optionsProp;classesProp
react_shopping_cart_2019010922_bhensey_react_shopping_cart_master_00bf8523,Filter,updateFiltersProp;toggleCheckbox;createCheckbox;createCheckboxes;filtersProp;renderCheckbox
react_shopping_cart_2019010922_bhensey_react_shopping_cart_master_00bf8523,Shelf,fetchProductsProp;addProductProp;handleFetchProducts;productsProp;filtersProp;sortProp;renderFilter;renderShelfHeader;renderClearfix
react_shopping_cart_2019010922_bhensey_react_shopping_cart_master_00bf8523,ShelfHeader,productsLengthProp;renderSort;renderClearfix
react_shopping_cart_2019010922_bhensey_react_shopping_cart_master_00bf8523,Sort,updateSortProp;handleSort;sortProp;renderSelectbox
react_shopping_cart_2019010922_bhensey_react_shopping_cart_master_00bf8523,Thumb,altProp;titleProp;classesProp;srcProp
react_shopping_cart_2019010922_bhensey_react_shopping_cart_master_00bf8523,Root,initialStateProp
react_shopping_cart_2019011712_react_rookie_react_shopping_cart_master_50c869bb,App,renderFilter;renderShelf;renderFloatCart
react_shopping_cart_2019011712_react_rookie_react_shopping_cart_master_50c869bb,Checkbox,handleCheckboxChangeProp;toggleCheckboxChange;labelProp
react_shopping_cart_2019011712_react_rookie_react_shopping_cart_master_50c869bb,CartProduct,removeProductProp;handleMouseOver;handleMouseOut;productProp;renderThumb
react_shopping_cart_2019011712_react_rookie_react_shopping_cart_master_50c869bb,FloatCart,loadCartProp;updateCartProp;removeProductProp;openFloatCart;closeFloatCart;addProduct;removeProduct;proceedToCheckout;cartProductsProp;newProductProp;productToRemoveProp;renderCartProduct
react_shopping_cart_2019011712_react_rookie_react_shopping_cart_master_50c869bb,Selectbox,handleOnChangeProp;createOptions;onChange;optionsProp;classesProp
react_shopping_cart_2019011712_react_rookie_react_shopping_cart_master_50c869bb,Filter,updateFiltersProp;toggleCheckbox;createCheckbox;createCheckboxes;filtersProp;renderCheckbox
react_shopping_cart_2019011712_react_rookie_react_shopping_cart_master_50c869bb,Shelf,fetchProductsProp;handleFetchProducts;productsProp;filtersProp;sortProp;renderShelfHeader
react_shopping_cart_2019011712_react_rookie_react_shopping_cart_master_50c869bb,ShelfHeader,productsLengthProp;renderSort
react_shopping_cart_2019011712_react_rookie_react_shopping_cart_master_50c869bb,Sort,updateSortProp;handleSort;sortProp;renderSelectbox
react_shopping_cart_2019011712_react_rookie_react_shopping_cart_master_50c869bb,Thumb,altProp;titleProp;classesProp;srcProp
react_shopping_cart_2019011712_react_rookie_react_shopping_cart_master_50c869bb,Root,initialStateProp
